{
  "threshold": 0.1437875751503006,
  "mode": "best_f1",
  "precision": 0.242984334497915,
  "recall": 0.43423967774420946,
  "f1": 0.31160572337042924,
  "business_cost": 20762
}